life_desires,percentage,cluster
missing,84.18,-1
"CAREER,INTELLIGENCE,PRODUCTIVITY",0.64,-1
"CAREER,POPULARITY,PRODUCTIVITY",0.6,-1
PRODUCTIVITY,0.46,-1
"CAREER,FAMILY,PRODUCTIVITY",0.39,-1
"INTELLIGENCE,POPULARITY,PRODUCTIVITY",0.36,-1
"CAREER,MONEY,PRODUCTIVITY",0.32,-1
"INTELLIGENCE,MONEY,POPULARITY",0.28,-1
"INTELLIGENCE,MONEY,PRODUCTIVITY",0.28,-1
"CAREER,INTELLIGENCE,MONEY",0.28,-1
"INTELLIGENCE,LOVE,MONEY",0.25,-1
"CAREER,INTELLIGENCE,POPULARITY",0.25,-1
"BALANCE,INTELLIGENCE,POPULARITY",0.25,-1
"LOVE,POPULARITY,PRODUCTIVITY",0.21,-1
"BALANCE,CAREER,PRODUCTIVITY",0.21,-1
"BALANCE,POPULARITY,PRODUCTIVITY",0.21,-1
POPULARITY,0.21,-1
HAPPINESS,0.21,-1
"BALANCE,HAPPINESS,HEALTH",0.21,-1
"BALANCE,LOVE,POPULARITY",0.18,-1
FAMILY,0.18,-1
INTELLIGENCE,0.18,-1
"HAPPINESS,INTELLIGENCE,MONEY",0.18,-1
"BALANCE,INTELLIGENCE,PRODUCTIVITY",0.18,-1
"MONEY,POPULARITY,PRODUCTIVITY",0.14,-1
"BALANCE,CAREER,INTELLIGENCE",0.14,-1
"HEALTH,INTELLIGENCE,PRODUCTIVITY",0.14,-1
CAREER,0.14,-1
"CAREER,MONEY,POPULARITY",0.14,-1
"CAREER,LOVE,PRODUCTIVITY",0.14,-1
"FAMILY,LOVE,PRODUCTIVITY",0.14,-1
"BALANCE,CAREER,POPULARITY",0.14,-1
"HEALTH,MONEY,PRODUCTIVITY",0.14,-1
BALANCE,0.14,-1
"LOVE,POPULARITY,SEX",0.14,-1
"BALANCE,FAMILY,PRODUCTIVITY",0.14,-1
"CAREER,HEALTH,INTELLIGENCE",0.14,-1
"INTELLIGENCE,LOVE,PRODUCTIVITY",0.14,-1
"HEALTH,INTELLIGENCE,MONEY",0.14,-1
"INTELLIGENCE,MONEY,SEX",0.14,-1
"POPULARITY,PRODUCTIVITY,SEX",0.14,-1
"CAREER,HAPPINESS,MONEY",0.11,-1
"CAREER,FAMILY,POPULARITY",0.11,-1
"HEALTH,POPULARITY,PRODUCTIVITY",0.11,-1
"BALANCE,CAREER,HEALTH",0.11,-1
"CAREER,FAMILY,MONEY",0.11,-1
LOVE,0.11,-1
"CAREER,INTELLIGENCE,SEX",0.11,-1
"FAMILY,LOVE,MONEY",0.11,-1
"HEALTH,INTELLIGENCE,POPULARITY",0.11,-1
"CAREER,HAPPINESS,INTELLIGENCE",0.11,-1
"CAREER,HEALTH,MONEY",0.11,-1
"CAREER,INTELLIGENCE,LOVE",0.11,-1
"BALANCE,CAREER,LOVE",0.11,-1
"HAPPINESS,INTELLIGENCE,POPULARITY",0.11,-1
"BALANCE,FAMILY,LOVE",0.11,-1
"CAREER,LOVE,POPULARITY",0.11,-1
"BALANCE,FAMILY,POPULARITY",0.11,-1
"HAPPINESS,LOVE,POPULARITY",0.11,-1
"FAMILY,HAPPINESS,POPULARITY",0.11,-1
"BALANCE,MONEY,POPULARITY",0.11,-1
"HAPPINESS,PRODUCTIVITY,SEX",0.07,-1
"HEALTH,LOVE,MONEY",0.07,-1
"CAREER,HAPPINESS,PRODUCTIVITY",0.07,-1
"HAPPINESS,INTELLIGENCE,PRODUCTIVITY",0.07,-1
"CAREER,FAMILY,INTELLIGENCE",0.07,-1
"HAPPINESS,HEALTH,PRODUCTIVITY",0.07,-1
"FAMILY,LOVE,POPULARITY",0.07,-1
"HEALTH,INTELLIGENCE,LOVE",0.07,-1
"BALANCE,HAPPINESS,LOVE",0.07,-1
"CAREER,HAPPINESS,POPULARITY",0.07,-1
"HAPPINESS,POPULARITY,PRODUCTIVITY",0.07,-1
"BALANCE,FAMILY,HAPPINESS",0.07,-1
"CAREER,LOVE,SEX",0.07,-1
"CAREER,POPULARITY,SEX",0.07,-1
"HAPPINESS,LOVE,MONEY",0.07,-1
"FAMILY,INTELLIGENCE,MONEY",0.07,-1
"BALANCE,MONEY,PRODUCTIVITY",0.07,-1
"HEALTH,LOVE,POPULARITY",0.07,-1
"BALANCE,INTELLIGENCE",0.07,-1
"HAPPINESS,LOVE,SEX",0.07,-1
"INTELLIGENCE,LOVE,SEX",0.07,-1
"INTELLIGENCE,PRODUCTIVITY",0.07,-1
"HAPPINESS,HEALTH",0.07,-1
"FAMILY,POPULARITY,PRODUCTIVITY",0.07,-1
"HAPPINESS,HEALTH,INTELLIGENCE",0.07,-1
"CAREER,HEALTH,POPULARITY",0.07,-1
"CAREER,FAMILY,HEALTH",0.07,-1
"BALANCE,MONEY,SEX",0.07,-1
"FAMILY,HEALTH,SEX",0.07,-1
"INTELLIGENCE,PRODUCTIVITY,SEX",0.07,-1
"BALANCE,LOVE,PRODUCTIVITY",0.07,-1
"HAPPINESS,HEALTH,LOVE",0.07,-1
"CAREER,HEALTH,PRODUCTIVITY",0.07,-1
"HAPPINESS,HEALTH,POPULARITY",0.07,-1
"HAPPINESS,MONEY,POPULARITY",0.07,-1
"LOVE,MONEY,PRODUCTIVITY",0.07,-1
"BALANCE,PRODUCTIVITY,SEX",0.07,-1
"HEALTH,LOVE,SEX",0.07,-1
"BALANCE,HEALTH,INTELLIGENCE",0.07,-1
"BALANCE,HEALTH,MONEY",0.04,-1
"FAMILY,LOVE,SEX",0.04,-1
"INTELLIGENCE,POPULARITY",0.04,-1
"HAPPINESS,HEALTH,SEX",0.04,-1
"BALANCE,CAREER,HAPPINESS",0.04,-1
"HAPPINESS,PRODUCTIVITY",0.04,-1
"FAMILY,INTELLIGENCE,PRODUCTIVITY",0.04,-1
"FAMILY,HEALTH,LOVE",0.04,-1
"HEALTH,MONEY,POPULARITY",0.04,-1
"FAMILY,MONEY,SEX",0.04,-1
"BALANCE,CAREER,FAMILY",0.04,-1
"BALANCE,CAREER,MONEY",0.04,-1
"FAMILY,INTELLIGENCE,POPULARITY",0.04,-1
"BALANCE,INTELLIGENCE,LOVE",0.04,-1
"FAMILY,PRODUCTIVITY",0.04,-1
HEALTH,0.04,-1
"BALANCE,LOVE,SEX",0.04,-1
"FAMILY,POPULARITY,SEX",0.04,-1
"BALANCE,FAMILY",0.04,-1
"INTELLIGENCE,MONEY",0.04,-1
"HEALTH,LOVE,PRODUCTIVITY",0.04,-1
"HAPPINESS,INTELLIGENCE,LOVE",0.04,-1
"BALANCE,CAREER,SEX",0.04,-1
"BALANCE,HEALTH,PRODUCTIVITY",0.04,-1
"BALANCE,FAMILY,HEALTH",0.04,-1
"CAREER,FAMILY",0.04,-1
SEX,0.04,-1
"BALANCE,HEALTH,LOVE",0.04,-1
"BALANCE,FAMILY,SEX",0.04,-1
"CAREER,HAPPINESS,LOVE",0.04,-1
MONEY,0.04,-1
"BALANCE,FAMILY,INTELLIGENCE",0.04,-1
"FAMILY,MONEY,POPULARITY",0.04,-1
"HAPPINESS,LOVE,PRODUCTIVITY",0.04,-1
"CAREER,LOVE",0.04,-1
"HAPPINESS,SEX",0.04,-1
"MONEY,PRODUCTIVITY,SEX",0.04,-1
"FAMILY,PRODUCTIVITY,SEX",0.04,-1
"BALANCE,PRODUCTIVITY",0.04,-1
"BALANCE,LOVE,MONEY",0.04,-1
"FAMILY,MONEY,PRODUCTIVITY",0.04,-1
"CAREER,HAPPINESS,HEALTH",0.04,-1
"BALANCE,INTELLIGENCE,SEX",0.04,-1
"FAMILY,HEALTH,INTELLIGENCE",0.04,-1
"CAREER,HAPPINESS",0.04,-1
"HEALTH,POPULARITY,SEX",0.04,-1
"BALANCE,HAPPINESS,POPULARITY",0.04,-1
"BALANCE,HEALTH,POPULARITY",0.04,-1
"HAPPINESS,INTELLIGENCE,SEX",0.04,-1
"CAREER,FAMILY,LOVE",0.04,-1
"CAREER,FAMILY,HAPPINESS",0.04,-1
"CAREER,LOVE,MONEY",0.04,-1
"FAMILY,HAPPINESS,LOVE",0.04,-1
"HAPPINESS,POPULARITY,SEX",0.04,-1
"FAMILY,HEALTH,POPULARITY",0.04,-1
missing,97.73,0
PRODUCTIVITY,0.28,0
POPULARITY,0.14,0
INTELLIGENCE,0.14,0
HAPPINESS,0.12,0
FAMILY,0.11,0
CAREER,0.09,0
BALANCE,0.09,0
HEALTH,0.07,0
MONEY,0.07,0
"CAREER,MONEY,PRODUCTIVITY",0.05,0
SEX,0.05,0
"HAPPINESS,HEALTH,LOVE",0.05,0
"CAREER,FAMILY,PRODUCTIVITY",0.05,0
"CAREER,PRODUCTIVITY",0.04,0
LOVE,0.04,0
"HAPPINESS,LOVE,POPULARITY",0.04,0
"CAREER,INTELLIGENCE,POPULARITY",0.04,0
"INTELLIGENCE,POPULARITY,PRODUCTIVITY",0.04,0
"FAMILY,PRODUCTIVITY",0.04,0
"HAPPINESS,HEALTH,MONEY",0.04,0
"INTELLIGENCE,MONEY,PRODUCTIVITY",0.02,0
"LOVE,MONEY",0.02,0
"FAMILY,LOVE",0.02,0
"LOVE,MONEY,SEX",0.02,0
"HAPPINESS,HEALTH,INTELLIGENCE",0.02,0
"CAREER,LOVE",0.02,0
"BALANCE,INTELLIGENCE,PRODUCTIVITY",0.02,0
"HAPPINESS,HEALTH",0.02,0
"INTELLIGENCE,LOVE,PRODUCTIVITY",0.02,0
"MONEY,PRODUCTIVITY",0.02,0
"FAMILY,POPULARITY,PRODUCTIVITY",0.02,0
"LOVE,POPULARITY,PRODUCTIVITY",0.02,0
"CAREER,FAMILY,LOVE",0.02,0
"BALANCE,HAPPINESS,HEALTH",0.02,0
"BALANCE,FAMILY,LOVE",0.02,0
"HEALTH,INTELLIGENCE,POPULARITY",0.02,0
"FAMILY,LOVE,SEX",0.02,0
"BALANCE,CAREER,FAMILY",0.02,0
"BALANCE,CAREER,POPULARITY",0.02,0
"BALANCE,HAPPINESS,LOVE",0.02,0
"BALANCE,CAREER,PRODUCTIVITY",0.02,0
"CAREER,INTELLIGENCE,MONEY",0.02,0
"HEALTH,MONEY",0.02,0
"FAMILY,HEALTH,INTELLIGENCE",0.02,0
"CAREER,HEALTH,PRODUCTIVITY",0.02,0
"MONEY,POPULARITY",0.02,0
"HEALTH,INTELLIGENCE",0.02,0
"INTELLIGENCE,POPULARITY",0.02,0
"HAPPINESS,MONEY,SEX",0.02,0
"CAREER,INTELLIGENCE,PRODUCTIVITY",0.02,0
"CAREER,FAMILY,HEALTH",0.02,0
"HAPPINESS,INTELLIGENCE,PRODUCTIVITY",0.02,0
"BALANCE,INTELLIGENCE,LOVE",0.02,0
"HAPPINESS,POPULARITY,PRODUCTIVITY",0.02,0
"LOVE,SEX",0.02,0
"FAMILY,HEALTH,POPULARITY",0.02,0
"HEALTH,POPULARITY,SEX",0.02,0
"INTELLIGENCE,MONEY,POPULARITY",0.02,0
"CAREER,POPULARITY,PRODUCTIVITY",0.02,0
"INTELLIGENCE,MONEY,SEX",0.02,0
"CAREER,POPULARITY,PRODUCTIVITY",3.76,1
"CAREER,INTELLIGENCE,PRODUCTIVITY",2.94,1
"CAREER,MONEY,PRODUCTIVITY",2.57,1
"CAREER,FAMILY,PRODUCTIVITY",2.52,1
"INTELLIGENCE,MONEY,PRODUCTIVITY",2.09,1
"INTELLIGENCE,POPULARITY,PRODUCTIVITY",1.86,1
"BALANCE,INTELLIGENCE,POPULARITY",1.77,1
"BALANCE,LOVE,POPULARITY",1.7,1
"CAREER,INTELLIGENCE,MONEY",1.69,1
"CAREER,INTELLIGENCE,POPULARITY",1.67,1
PRODUCTIVITY,1.63,1
"BALANCE,POPULARITY,PRODUCTIVITY",1.55,1
"FAMILY,LOVE,POPULARITY",1.42,1
"INTELLIGENCE,MONEY,POPULARITY",1.31,1
"FAMILY,POPULARITY,PRODUCTIVITY",1.28,1
"HAPPINESS,LOVE,POPULARITY",1.2,1
"BALANCE,CAREER,PRODUCTIVITY",1.19,1
"BALANCE,FAMILY,POPULARITY",1.17,1
"CAREER,FAMILY,POPULARITY",1.14,1
"MONEY,POPULARITY,PRODUCTIVITY",1.14,1
POPULARITY,1.11,1
"BALANCE,HAPPINESS,POPULARITY",1.1,1
"BALANCE,INTELLIGENCE,PRODUCTIVITY",1.07,1
"CAREER,MONEY,POPULARITY",1.04,1
"LOVE,POPULARITY,PRODUCTIVITY",1.04,1
"FAMILY,INTELLIGENCE,POPULARITY",1.03,1
INTELLIGENCE,1.01,1
"INTELLIGENCE,LOVE,POPULARITY",1.0,1
CAREER,0.94,1
"BALANCE,CAREER,POPULARITY",0.93,1
"FAMILY,INTELLIGENCE,PRODUCTIVITY",0.92,1
"CAREER,LOVE,POPULARITY",0.88,1
"CAREER,LOVE,PRODUCTIVITY",0.83,1
BALANCE,0.83,1
"FAMILY,MONEY,PRODUCTIVITY",0.8,1
MONEY,0.79,1
"CAREER,FAMILY,INTELLIGENCE",0.77,1
"INTELLIGENCE,LOVE,MONEY",0.77,1
"CAREER,FAMILY,MONEY",0.77,1
"FAMILY,MONEY,POPULARITY",0.68,1
"HAPPINESS,INTELLIGENCE,POPULARITY",0.68,1
"HEALTH,INTELLIGENCE,PRODUCTIVITY",0.67,1
HAPPINESS,0.62,1
"BALANCE,INTELLIGENCE,LOVE",0.6,1
missing,0.6,1
"LOVE,MONEY,POPULARITY",0.59,1
"LOVE,POPULARITY,SEX",0.59,1
"BALANCE,INTELLIGENCE,MONEY",0.59,1
"BALANCE,MONEY,POPULARITY",0.58,1
"BALANCE,MONEY,PRODUCTIVITY",0.57,1
"FAMILY,INTELLIGENCE,MONEY",0.57,1
"HEALTH,POPULARITY,PRODUCTIVITY",0.57,1
FAMILY,0.56,1
"HAPPINESS,POPULARITY,PRODUCTIVITY",0.54,1
"HAPPINESS,MONEY,POPULARITY",0.53,1
"FAMILY,HAPPINESS,POPULARITY",0.53,1
"CAREER,HAPPINESS,POPULARITY",0.53,1
"CAREER,HEALTH,PRODUCTIVITY",0.52,1
"BALANCE,HEALTH,INTELLIGENCE",0.52,1
"INTELLIGENCE,MONEY,SEX",0.52,1
"FAMILY,LOVE,PRODUCTIVITY",0.51,1
"BALANCE,HEALTH,PRODUCTIVITY",0.51,1
"HEALTH,INTELLIGENCE,MONEY",0.51,1
"HAPPINESS,INTELLIGENCE,PRODUCTIVITY",0.51,1
"BALANCE,FAMILY,LOVE",0.5,1
"FAMILY,HEALTH,POPULARITY",0.5,1
"HAPPINESS,INTELLIGENCE,MONEY",0.5,1
"HEALTH,INTELLIGENCE,POPULARITY",0.48,1
LOVE,0.48,1
"INTELLIGENCE,LOVE,PRODUCTIVITY",0.47,1
"BALANCE,CAREER,INTELLIGENCE",0.47,1
"BALANCE,HAPPINESS,LOVE",0.47,1
"HEALTH,LOVE,POPULARITY",0.47,1
"BALANCE,FAMILY,PRODUCTIVITY",0.45,1
"CAREER,INTELLIGENCE,LOVE",0.44,1
"CAREER,HEALTH,INTELLIGENCE",0.44,1
"HAPPINESS,MONEY,PRODUCTIVITY",0.43,1
"BALANCE,FAMILY,INTELLIGENCE",0.43,1
"CAREER,FAMILY,LOVE",0.43,1
"HEALTH,MONEY,PRODUCTIVITY",0.42,1
"BALANCE,HAPPINESS,INTELLIGENCE",0.41,1
"FAMILY,INTELLIGENCE,LOVE",0.4,1
"FAMILY,LOVE,MONEY",0.4,1
"BALANCE,HEALTH,POPULARITY",0.39,1
"INTELLIGENCE,POPULARITY,SEX",0.38,1
"BALANCE,HAPPINESS,HEALTH",0.38,1
"CAREER,HAPPINESS,PRODUCTIVITY",0.37,1
"BALANCE,FAMILY,MONEY",0.37,1
"CAREER,HAPPINESS,MONEY",0.36,1
"FAMILY,HAPPINESS,LOVE",0.36,1
"BALANCE,CAREER,MONEY",0.36,1
"BALANCE,HEALTH,LOVE",0.36,1
"FAMILY,HEALTH,INTELLIGENCE",0.35,1
"CAREER,PRODUCTIVITY,SEX",0.34,1
"BALANCE,LOVE,MONEY",0.34,1
"CAREER,FAMILY,HAPPINESS",0.34,1
"CAREER,LOVE,MONEY",0.34,1
"MONEY,PRODUCTIVITY,SEX",0.34,1
"HAPPINESS,HEALTH,INTELLIGENCE",0.34,1
"INTELLIGENCE,LOVE,SEX",0.33,1
"FAMILY,HAPPINESS,MONEY",0.33,1
"CAREER,HAPPINESS,INTELLIGENCE",0.32,1
"HAPPINESS,INTELLIGENCE,LOVE",0.32,1
"BALANCE,FAMILY,HAPPINESS",0.32,1
"FAMILY,LOVE,SEX",0.32,1
"INTELLIGENCE,PRODUCTIVITY,SEX",0.31,1
"BALANCE,HAPPINESS,MONEY",0.31,1
"LOVE,MONEY,PRODUCTIVITY",0.3,1
"CAREER,POPULARITY,SEX",0.29,1
"FAMILY,HEALTH,PRODUCTIVITY",0.29,1
"FAMILY,HAPPINESS,PRODUCTIVITY",0.29,1
"BALANCE,LOVE,PRODUCTIVITY",0.29,1
"FAMILY,POPULARITY,SEX",0.28,1
"FAMILY,MONEY,SEX",0.28,1
"CAREER,HEALTH,POPULARITY",0.28,1
"BALANCE,HAPPINESS,PRODUCTIVITY",0.28,1
"HAPPINESS,LOVE,PRODUCTIVITY",0.28,1
"BALANCE,CAREER,FAMILY",0.28,1
"HAPPINESS,HEALTH,POPULARITY",0.28,1
"HAPPINESS,HEALTH,PRODUCTIVITY",0.27,1
"POPULARITY,PRODUCTIVITY,SEX",0.27,1
HEALTH,0.27,1
"FAMILY,HEALTH,LOVE",0.27,1
"CAREER,MONEY,SEX",0.25,1
"HAPPINESS,HEALTH,MONEY",0.25,1
"HEALTH,INTELLIGENCE,LOVE",0.25,1
"MONEY,POPULARITY,SEX",0.25,1
"BALANCE,POPULARITY,SEX",0.24,1
"HAPPINESS,LOVE,MONEY",0.24,1
"HAPPINESS,POPULARITY,SEX",0.23,1
"HAPPINESS,HEALTH,LOVE",0.23,1
"HAPPINESS,LOVE,SEX",0.23,1
"CAREER,FAMILY,SEX",0.23,1
"BALANCE,LOVE,SEX",0.22,1
"CAREER,PRODUCTIVITY",0.22,1
"BALANCE,FAMILY,HEALTH",0.22,1
"BALANCE,FAMILY,SEX",0.21,1
"BALANCE,CAREER,LOVE",0.21,1
"LOVE,MONEY,SEX",0.21,1
"FAMILY,PRODUCTIVITY,SEX",0.21,1
"CAREER,HEALTH,MONEY",0.2,1
"FAMILY,HAPPINESS,INTELLIGENCE",0.2,1
"BALANCE,CAREER,HEALTH",0.19,1
"HEALTH,MONEY,SEX",0.19,1
"FAMILY,HAPPINESS,HEALTH",0.19,1
"HEALTH,MONEY,POPULARITY",0.19,1
"HEALTH,LOVE,PRODUCTIVITY",0.18,1
"FAMILY,INTELLIGENCE,SEX",0.18,1
"CAREER,HAPPINESS,LOVE",0.18,1
"LOVE,PRODUCTIVITY,SEX",0.17,1
"BALANCE,CAREER,HAPPINESS",0.16,1
"FAMILY,HEALTH,MONEY",0.16,1
"HAPPINESS,MONEY,SEX",0.15,1
"INTELLIGENCE,PRODUCTIVITY",0.15,1
"FAMILY,HEALTH,SEX",0.15,1
"CAREER,INTELLIGENCE,SEX",0.15,1
"BALANCE,INTELLIGENCE,SEX",0.15,1
"BALANCE,HEALTH,MONEY",0.15,1
"CAREER,HEALTH,LOVE",0.15,1
"CAREER,FAMILY,HEALTH",0.14,1
"CAREER,LOVE,SEX",0.13,1
"HAPPINESS,HEALTH,SEX",0.13,1
SEX,0.13,1
"HEALTH,LOVE,MONEY",0.12,1
"HEALTH,LOVE,SEX",0.12,1
"HEALTH,PRODUCTIVITY,SEX",0.12,1
"CAREER,HAPPINESS,HEALTH",0.11,1
"BALANCE,HAPPINESS,SEX",0.11,1
"BALANCE,PRODUCTIVITY,SEX",0.1,1
"INTELLIGENCE,POPULARITY",0.1,1
"BALANCE,POPULARITY",0.1,1
"HAPPINESS,INTELLIGENCE,SEX",0.1,1
"FAMILY,HAPPINESS,SEX",0.09,1
"BALANCE,HEALTH,SEX",0.09,1
"LOVE,POPULARITY",0.09,1
"HEALTH,INTELLIGENCE,SEX",0.08,1
"BALANCE,MONEY,SEX",0.08,1
"CAREER,INTELLIGENCE",0.08,1
"BALANCE,CAREER,SEX",0.08,1
"HEALTH,POPULARITY,SEX",0.07,1
"MONEY,PRODUCTIVITY",0.07,1
"CAREER,FAMILY,HAPPINESS,HEALTH,LOVE,MONEY,POPULARITY,PRODUCTIVITY",0.06,1
"POPULARITY,PRODUCTIVITY",0.06,1
"INTELLIGENCE,MONEY",0.06,1
"CAREER,POPULARITY",0.06,1
"MONEY,SEX",0.05,1
"FAMILY,POPULARITY",0.05,1
"CAREER,HAPPINESS,SEX",0.05,1
"CAREER,MONEY",0.05,1
"BALANCE,HEALTH",0.05,1
"BALANCE,PRODUCTIVITY",0.05,1
"BALANCE,HAPPINESS",0.05,1
"HEALTH,INTELLIGENCE",0.04,1
"MONEY,POPULARITY",0.04,1
"HAPPINESS,PRODUCTIVITY",0.04,1
"HAPPINESS,MONEY",0.04,1
"BALANCE,INTELLIGENCE",0.04,1
"LOVE,SEX",0.04,1
"FAMILY,MONEY",0.04,1
"CAREER,HEALTH,SEX",0.03,1
"HAPPINESS,PRODUCTIVITY,SEX",0.03,1
"BALANCE,CAREER",0.03,1
"HAPPINESS,LOVE",0.03,1
"HEALTH,POPULARITY",0.03,1
"FAMILY,LOVE",0.03,1
"FAMILY,HAPPINESS",0.03,1
"FAMILY,HAPPINESS,HEALTH,LOVE,MONEY,POPULARITY,PRODUCTIVITY",0.03,1
"BALANCE,LOVE",0.03,1
"CAREER,FAMILY",0.02,1
"FAMILY,SEX",0.02,1
"INTELLIGENCE,SEX",0.02,1
"BALANCE,FAMILY",0.02,1
"FAMILY,HEALTH",0.02,1
"HAPPINESS,HEALTH",0.02,1
"INTELLIGENCE,LOVE",0.02,1
"HEALTH,LOVE",0.02,1
"HAPPINESS,POPULARITY",0.02,1
"POPULARITY,SEX",0.02,1
"CAREER,LOVE",0.02,1
"CAREER,HAPPINESS",0.01,1
"FAMILY,MONEY,POPULARITY,PRODUCTIVITY",0.01,1
"FAMILY,PRODUCTIVITY",0.01,1
"CAREER,SEX",0.01,1
"LOVE,PRODUCTIVITY",0.01,1
"CAREER,FAMILY,HEALTH,MONEY,PRODUCTIVITY",0.01,1
"FAMILY,HAPPINESS,HEALTH,LOVE,MONEY,PRODUCTIVITY",0.01,1
"FAMILY,HEALTH,LOVE,MONEY",0.01,1
"HEALTH,MONEY",0.01,1
"HEALTH,PRODUCTIVITY",0.01,1
"FAMILY,HAPPINESS,HEALTH,PRODUCTIVITY",0.01,1
"CAREER,FAMILY,HAPPINESS,HEALTH,PRODUCTIVITY",0.01,1
"CAREER,FAMILY,HAPPINESS,HEALTH,LOVE,MONEY,PRODUCTIVITY",0.01,1
"BALANCE,MONEY",0.01,1
"PRODUCTIVITY,SEX",0.01,1
"CAREER,HAPPINESS,MONEY,PRODUCTIVITY",0.01,1
"LOVE,MONEY",0.01,1
"CAREER,HEALTH,MONEY,POPULARITY",0.01,1
"HAPPINESS,HEALTH,LOVE,PRODUCTIVITY",0.01,1
"CAREER,POPULARITY,PRODUCTIVITY",4.7,2
"CAREER,INTELLIGENCE,PRODUCTIVITY",3.69,2
"CAREER,FAMILY,PRODUCTIVITY",3.09,2
"CAREER,MONEY,PRODUCTIVITY",2.66,2
"INTELLIGENCE,MONEY,PRODUCTIVITY",2.17,2
"INTELLIGENCE,POPULARITY,PRODUCTIVITY",2.16,2
"CAREER,INTELLIGENCE,POPULARITY",1.75,2
"CAREER,INTELLIGENCE,MONEY",1.73,2
"BALANCE,LOVE,POPULARITY",1.72,2
PRODUCTIVITY,1.68,2
"BALANCE,CAREER,PRODUCTIVITY",1.52,2
"BALANCE,POPULARITY,PRODUCTIVITY",1.5,2
"MONEY,POPULARITY,PRODUCTIVITY",1.41,2
"BALANCE,INTELLIGENCE,POPULARITY",1.3,2
"INTELLIGENCE,MONEY,POPULARITY",1.3,2
"FAMILY,POPULARITY,PRODUCTIVITY",1.25,2
"CAREER,FAMILY,POPULARITY",1.24,2
"CAREER,LOVE,POPULARITY",1.23,2
"CAREER,MONEY,POPULARITY",1.23,2
"BALANCE,INTELLIGENCE,PRODUCTIVITY",1.21,2
"BALANCE,FAMILY,POPULARITY",1.16,2
"FAMILY,LOVE,POPULARITY",1.11,2
INTELLIGENCE,1.1,2
"LOVE,POPULARITY,PRODUCTIVITY",1.05,2
"HAPPINESS,LOVE,POPULARITY",1.04,2
missing,1.01,2
POPULARITY,0.97,2
"BALANCE,CAREER,POPULARITY",0.96,2
BALANCE,0.96,2
CAREER,0.95,2
"INTELLIGENCE,LOVE,POPULARITY",0.89,2
"CAREER,LOVE,PRODUCTIVITY",0.84,2
"BALANCE,FAMILY,PRODUCTIVITY",0.82,2
"FAMILY,INTELLIGENCE,PRODUCTIVITY",0.8,2
"FAMILY,MONEY,PRODUCTIVITY",0.77,2
"CAREER,FAMILY,INTELLIGENCE",0.7,2
MONEY,0.7,2
"BALANCE,HAPPINESS,POPULARITY",0.7,2
"FAMILY,INTELLIGENCE,POPULARITY",0.7,2
"LOVE,MONEY,POPULARITY",0.69,2
"HEALTH,INTELLIGENCE,PRODUCTIVITY",0.65,2
"BALANCE,MONEY,PRODUCTIVITY",0.64,2
"CAREER,FAMILY,MONEY",0.64,2
LOVE,0.63,2
"BALANCE,INTELLIGENCE,LOVE",0.62,2
"BALANCE,FAMILY,LOVE",0.62,2
"INTELLIGENCE,LOVE,PRODUCTIVITY",0.61,2
"HAPPINESS,POPULARITY,PRODUCTIVITY",0.59,2
"BALANCE,CAREER,INTELLIGENCE",0.58,2
"LOVE,POPULARITY,SEX",0.57,2
"BALANCE,INTELLIGENCE,MONEY",0.56,2
"CAREER,FAMILY,LOVE",0.56,2
"FAMILY,INTELLIGENCE,MONEY",0.54,2
FAMILY,0.52,2
"BALANCE,LOVE,PRODUCTIVITY",0.51,2
"FAMILY,MONEY,POPULARITY",0.5,2
"BALANCE,HAPPINESS,LOVE",0.5,2
HAPPINESS,0.49,2
"CAREER,HAPPINESS,POPULARITY",0.49,2
"INTELLIGENCE,LOVE,MONEY",0.47,2
"FAMILY,LOVE,PRODUCTIVITY",0.47,2
"CAREER,HAPPINESS,PRODUCTIVITY",0.46,2
"CAREER,INTELLIGENCE,LOVE",0.46,2
"BALANCE,HEALTH,PRODUCTIVITY",0.45,2
"BALANCE,CAREER,FAMILY",0.45,2
"INTELLIGENCE,MONEY,SEX",0.45,2
"HAPPINESS,MONEY,POPULARITY",0.45,2
"HAPPINESS,INTELLIGENCE,MONEY",0.44,2
"BALANCE,MONEY,POPULARITY",0.44,2
"CAREER,PRODUCTIVITY,SEX",0.44,2
"BALANCE,FAMILY,INTELLIGENCE",0.44,2
"HAPPINESS,INTELLIGENCE,POPULARITY",0.43,2
"HAPPINESS,INTELLIGENCE,PRODUCTIVITY",0.43,2
"HEALTH,POPULARITY,PRODUCTIVITY",0.42,2
"HEALTH,INTELLIGENCE,MONEY",0.42,2
"LOVE,MONEY,PRODUCTIVITY",0.42,2
"MONEY,POPULARITY,SEX",0.41,2
"BALANCE,HEALTH,POPULARITY",0.4,2
"CAREER,LOVE,MONEY",0.4,2
"HEALTH,MONEY,PRODUCTIVITY",0.4,2
"HEALTH,LOVE,POPULARITY",0.38,2
"BALANCE,HEALTH,INTELLIGENCE",0.38,2
"FAMILY,INTELLIGENCE,LOVE",0.38,2
"HEALTH,INTELLIGENCE,POPULARITY",0.38,2
"BALANCE,HAPPINESS,INTELLIGENCE",0.37,2
"FAMILY,LOVE,MONEY",0.37,2
"CAREER,MONEY,SEX",0.37,2
"CAREER,HEALTH,PRODUCTIVITY",0.37,2
"FAMILY,HAPPINESS,POPULARITY",0.36,2
"HAPPINESS,MONEY,PRODUCTIVITY",0.36,2
"BALANCE,CAREER,MONEY",0.36,2
"BALANCE,HEALTH,LOVE",0.36,2
"BALANCE,CAREER,LOVE",0.35,2
"POPULARITY,PRODUCTIVITY,SEX",0.35,2
"MONEY,PRODUCTIVITY,SEX",0.35,2
"FAMILY,HAPPINESS,LOVE",0.34,2
"INTELLIGENCE,PRODUCTIVITY,SEX",0.33,2
"CAREER,HAPPINESS,MONEY",0.32,2
"BALANCE,HAPPINESS,PRODUCTIVITY",0.32,2
"INTELLIGENCE,POPULARITY,SEX",0.32,2
"BALANCE,HAPPINESS,HEALTH",0.32,2
HEALTH,0.31,2
"FAMILY,HEALTH,PRODUCTIVITY",0.31,2
"LOVE,MONEY,SEX",0.31,2
"CAREER,HAPPINESS,INTELLIGENCE",0.3,2
"CAREER,HEALTH,INTELLIGENCE",0.29,2
"CAREER,POPULARITY,SEX",0.29,2
"FAMILY,HAPPINESS,PRODUCTIVITY",0.28,2
"CAREER,INTELLIGENCE,SEX",0.28,2
"HAPPINESS,HEALTH,LOVE",0.28,2
"BALANCE,FAMILY,HEALTH",0.28,2
"CAREER,HEALTH,POPULARITY",0.28,2
"FAMILY,LOVE,SEX",0.28,2
"BALANCE,FAMILY,MONEY",0.28,2
"CAREER,PRODUCTIVITY",0.27,2
"INTELLIGENCE,LOVE,SEX",0.26,2
"BALANCE,FAMILY,HAPPINESS",0.26,2
"BALANCE,LOVE,MONEY",0.26,2
"HAPPINESS,HEALTH,POPULARITY",0.26,2
"FAMILY,HEALTH,INTELLIGENCE",0.25,2
"HAPPINESS,INTELLIGENCE,LOVE",0.25,2
"BALANCE,HAPPINESS,MONEY",0.25,2
"HEALTH,LOVE,PRODUCTIVITY",0.25,2
"HEALTH,MONEY,POPULARITY",0.24,2
"HAPPINESS,HEALTH,INTELLIGENCE",0.24,2
"HAPPINESS,LOVE,MONEY",0.24,2
"FAMILY,HEALTH,POPULARITY",0.24,2
"CAREER,HAPPINESS,LOVE",0.24,2
"FAMILY,POPULARITY,SEX",0.22,2
"FAMILY,HAPPINESS,MONEY",0.21,2
"INTELLIGENCE,PRODUCTIVITY",0.21,2
"CAREER,FAMILY,HAPPINESS",0.21,2
"BALANCE,POPULARITY,SEX",0.2,2
"BALANCE,LOVE,SEX",0.2,2
"CAREER,FAMILY,SEX",0.19,2
"CAREER,LOVE,SEX",0.19,2
"FAMILY,INTELLIGENCE,SEX",0.19,2
"FAMILY,PRODUCTIVITY,SEX",0.19,2
"HAPPINESS,HEALTH,MONEY",0.19,2
"FAMILY,HEALTH,MONEY",0.19,2
"HAPPINESS,LOVE,PRODUCTIVITY",0.19,2
"HAPPINESS,LOVE,SEX",0.18,2
"CAREER,HEALTH,MONEY",0.18,2
"FAMILY,MONEY,SEX",0.18,2
"BALANCE,FAMILY,SEX",0.18,2
"HAPPINESS,HEALTH,PRODUCTIVITY",0.17,2
"CAREER,FAMILY,HEALTH",0.17,2
"HEALTH,INTELLIGENCE,LOVE",0.17,2
"FAMILY,HEALTH,LOVE",0.17,2
"FAMILY,HAPPINESS,INTELLIGENCE",0.17,2
"BALANCE,CAREER,HAPPINESS",0.17,2
"BALANCE,HEALTH,MONEY",0.16,2
"BALANCE,PRODUCTIVITY,SEX",0.16,2
"LOVE,PRODUCTIVITY,SEX",0.15,2
"FAMILY,HAPPINESS,HEALTH",0.14,2
"HEALTH,LOVE,SEX",0.14,2
"BALANCE,CAREER,HEALTH",0.14,2
"HEALTH,MONEY,SEX",0.13,2
"HAPPINESS,POPULARITY,SEX",0.12,2
"MONEY,PRODUCTIVITY",0.12,2
"BALANCE,INTELLIGENCE,SEX",0.12,2
"CAREER,HEALTH,LOVE",0.12,2
"BALANCE,CAREER,SEX",0.11,2
"HAPPINESS,HEALTH,SEX",0.11,2
"HAPPINESS,MONEY,SEX",0.1,2
"HEALTH,PRODUCTIVITY,SEX",0.1,2
"HEALTH,POPULARITY,SEX",0.1,2
"HEALTH,LOVE,MONEY",0.1,2
"BALANCE,POPULARITY",0.1,2
"FAMILY,HEALTH,SEX",0.09,2
"BALANCE,HEALTH,SEX",0.09,2
"FAMILY,HAPPINESS,SEX",0.09,2
"HEALTH,INTELLIGENCE,SEX",0.09,2
"CAREER,HAPPINESS,HEALTH",0.09,2
"HAPPINESS,PRODUCTIVITY,SEX",0.09,2
"BALANCE,MONEY,SEX",0.08,2
SEX,0.08,2
"LOVE,POPULARITY",0.08,2
"HAPPINESS,INTELLIGENCE,SEX",0.07,2
"POPULARITY,PRODUCTIVITY",0.07,2
"CAREER,HEALTH,SEX",0.07,2
"INTELLIGENCE,MONEY",0.07,2
"BALANCE,PRODUCTIVITY",0.06,2
"INTELLIGENCE,POPULARITY",0.06,2
"BALANCE,LOVE",0.06,2
"BALANCE,HAPPINESS,SEX",0.05,2
"BALANCE,INTELLIGENCE",0.05,2
"FAMILY,POPULARITY",0.05,2
"CAREER,INTELLIGENCE",0.05,2
"HAPPINESS,LOVE",0.05,2
"CAREER,POPULARITY",0.05,2
"CAREER,HAPPINESS,SEX",0.04,2
"FAMILY,PRODUCTIVITY",0.04,2
"CAREER,FAMILY",0.04,2
"BALANCE,FAMILY",0.04,2
"HEALTH,INTELLIGENCE",0.04,2
"HAPPINESS,POPULARITY",0.04,2
"MONEY,POPULARITY",0.03,2
"CAREER,MONEY",0.03,2
"HAPPINESS,PRODUCTIVITY",0.03,2
"HAPPINESS,INTELLIGENCE",0.03,2
"BALANCE,CAREER",0.03,2
"HEALTH,PRODUCTIVITY",0.03,2
"BALANCE,HEALTH",0.03,2
"HAPPINESS,MONEY",0.02,2
"FAMILY,HAPPINESS",0.02,2
"FAMILY,MONEY",0.02,2
"HAPPINESS,HEALTH",0.02,2
"LOVE,PRODUCTIVITY",0.02,2
"FAMILY,HEALTH",0.02,2
"INTELLIGENCE,LOVE",0.02,2
"FAMILY,INTELLIGENCE",0.02,2
"POPULARITY,SEX",0.02,2
"LOVE,SEX",0.02,2
"HEALTH,POPULARITY",0.01,2
"LOVE,MONEY",0.01,2
"HEALTH,LOVE",0.01,2
"PRODUCTIVITY,SEX",0.01,2
"MONEY,SEX",0.01,2
"FAMILY,LOVE",0.01,2
"CAREER,HEALTH",0.01,2
"BALANCE,MONEY",0.01,2
"FAMILY,SEX",0.01,2
"HEALTH,MONEY",0.01,2
"CAREER,HAPPINESS",0.01,2
"BALANCE,HAPPINESS",0.01,2
"HEALTH,SEX",0.01,2
"CAREER,SEX",0.01,2
"HAPPINESS,SEX",0.01,2
"CAREER,LOVE",0.01,2
"BALANCE,SEX",0.0,2
"CAREER,INTELLIGENCE,PRODUCTIVITY",4.26,3
"CAREER,POPULARITY,PRODUCTIVITY",4.2,3
"INTELLIGENCE,POPULARITY,PRODUCTIVITY",2.89,3
"INTELLIGENCE,MONEY,PRODUCTIVITY",2.86,3
"CAREER,FAMILY,PRODUCTIVITY",2.8,3
"CAREER,MONEY,PRODUCTIVITY",2.64,3
"CAREER,INTELLIGENCE,MONEY",2.43,3
"CAREER,INTELLIGENCE,POPULARITY",2.08,3
"HEALTH,INTELLIGENCE,PRODUCTIVITY",1.5,3
"INTELLIGENCE,MONEY,POPULARITY",1.48,3
"BALANCE,INTELLIGENCE,PRODUCTIVITY",1.48,3
"HEALTH,INTELLIGENCE,MONEY",1.38,3
"BALANCE,CAREER,PRODUCTIVITY",1.31,3
INTELLIGENCE,1.21,3
"BALANCE,POPULARITY,PRODUCTIVITY",1.08,3
"INTELLIGENCE,LOVE,POPULARITY",1.07,3
"HEALTH,MONEY,PRODUCTIVITY",1.07,3
"MONEY,POPULARITY,PRODUCTIVITY",1.05,3
"CAREER,MONEY,POPULARITY",1.04,3
"BALANCE,INTELLIGENCE,POPULARITY",1.03,3
PRODUCTIVITY,1.0,3
"FAMILY,INTELLIGENCE,PRODUCTIVITY",0.96,3
"CAREER,FAMILY,POPULARITY",0.94,3
"FAMILY,POPULARITY,PRODUCTIVITY",0.9,3
"INTELLIGENCE,LOVE,PRODUCTIVITY",0.88,3
"BALANCE,HEALTH,INTELLIGENCE",0.86,3
"BALANCE,HEALTH,PRODUCTIVITY",0.81,3
"BALANCE,INTELLIGENCE,LOVE",0.81,3
"HEALTH,POPULARITY,PRODUCTIVITY",0.8,3
"BALANCE,INTELLIGENCE,MONEY",0.77,3
"BALANCE,FAMILY,PRODUCTIVITY",0.77,3
"BALANCE,MONEY,PRODUCTIVITY",0.76,3
"HAPPINESS,INTELLIGENCE,POPULARITY",0.74,3
"LOVE,POPULARITY,PRODUCTIVITY",0.74,3
"HEALTH,INTELLIGENCE,POPULARITY",0.74,3
"FAMILY,MONEY,PRODUCTIVITY",0.73,3
"HAPPINESS,HEALTH,INTELLIGENCE",0.73,3
"CAREER,HEALTH,PRODUCTIVITY",0.73,3
"HAPPINESS,LOVE,POPULARITY",0.73,3
"INTELLIGENCE,LOVE,MONEY",0.71,3
"CAREER,LOVE,PRODUCTIVITY",0.71,3
"CAREER,INTELLIGENCE,LOVE",0.66,3
"FAMILY,INTELLIGENCE,MONEY",0.66,3
"HAPPINESS,POPULARITY,PRODUCTIVITY",0.66,3
"CAREER,FAMILY,INTELLIGENCE",0.65,3
"FAMILY,INTELLIGENCE,POPULARITY",0.64,3
"HAPPINESS,INTELLIGENCE,PRODUCTIVITY",0.64,3
"BALANCE,FAMILY,POPULARITY",0.62,3
CAREER,0.61,3
"FAMILY,HEALTH,PRODUCTIVITY",0.6,3
"CAREER,HEALTH,MONEY",0.6,3
"CAREER,FAMILY,MONEY",0.6,3
"HEALTH,INTELLIGENCE,LOVE",0.58,3
"BALANCE,HAPPINESS,HEALTH",0.57,3
"BALANCE,CAREER,POPULARITY",0.56,3
"CAREER,HEALTH,INTELLIGENCE",0.56,3
"HAPPINESS,INTELLIGENCE,MONEY",0.55,3
"BALANCE,CAREER,INTELLIGENCE",0.54,3
"FAMILY,LOVE,PRODUCTIVITY",0.54,3
"BALANCE,LOVE,POPULARITY",0.54,3
"CAREER,LOVE,POPULARITY",0.51,3
"BALANCE,HEALTH,MONEY",0.49,3
POPULARITY,0.47,3
"BALANCE,CAREER,MONEY",0.46,3
"BALANCE,LOVE,PRODUCTIVITY",0.46,3
"FAMILY,LOVE,POPULARITY",0.46,3
"HEALTH,LOVE,POPULARITY",0.46,3
"HAPPINESS,HEALTH,PRODUCTIVITY",0.46,3
"CAREER,HAPPINESS,PRODUCTIVITY",0.45,3
"BALANCE,FAMILY,INTELLIGENCE",0.45,3
"HAPPINESS,HEALTH,LOVE",0.44,3
"HEALTH,LOVE,PRODUCTIVITY",0.44,3
"FAMILY,HAPPINESS,LOVE",0.43,3
"LOVE,MONEY,POPULARITY",0.42,3
"FAMILY,HEALTH,INTELLIGENCE",0.41,3
"HEALTH,MONEY,POPULARITY",0.41,3
"CAREER,FAMILY,LOVE",0.41,3
"HAPPINESS,HEALTH,POPULARITY",0.41,3
"CAREER,LOVE,MONEY",0.4,3
"HAPPINESS,INTELLIGENCE,LOVE",0.4,3
"LOVE,MONEY,PRODUCTIVITY",0.4,3
"BALANCE,FAMILY,LOVE",0.4,3
"HAPPINESS,MONEY,PRODUCTIVITY",0.39,3
"BALANCE,FAMILY,HEALTH",0.39,3
"FAMILY,INTELLIGENCE,LOVE",0.39,3
"BALANCE,HAPPINESS,POPULARITY",0.39,3
"FAMILY,HEALTH,MONEY",0.38,3
"BALANCE,HAPPINESS,PRODUCTIVITY",0.38,3
"BALANCE,HEALTH,LOVE",0.38,3
"BALANCE,HAPPINESS,INTELLIGENCE",0.38,3
"INTELLIGENCE,MONEY,SEX",0.38,3
"CAREER,HAPPINESS,POPULARITY",0.38,3
"HEALTH,LOVE,MONEY",0.37,3
"BALANCE,CAREER,FAMILY",0.37,3
"HAPPINESS,HEALTH,MONEY",0.37,3
"FAMILY,MONEY,POPULARITY",0.36,3
"CAREER,HEALTH,POPULARITY",0.35,3
"FAMILY,HEALTH,LOVE",0.35,3
"LOVE,POPULARITY,SEX",0.35,3
"BALANCE,HAPPINESS,LOVE",0.34,3
"HAPPINESS,MONEY,POPULARITY",0.33,3
"FAMILY,HAPPINESS,POPULARITY",0.33,3
BALANCE,0.33,3
"INTELLIGENCE,PRODUCTIVITY,SEX",0.33,3
MONEY,0.33,3
"CAREER,HAPPINESS,INTELLIGENCE",0.31,3
"CAREER,PRODUCTIVITY",0.29,3
"HAPPINESS,LOVE,PRODUCTIVITY",0.29,3
"INTELLIGENCE,PRODUCTIVITY",0.29,3
"BALANCE,FAMILY,MONEY",0.29,3
"BALANCE,HEALTH,POPULARITY",0.28,3
"CAREER,PRODUCTIVITY,SEX",0.28,3
"FAMILY,LOVE,MONEY",0.27,3
"CAREER,HAPPINESS,MONEY",0.27,3
"FAMILY,HAPPINESS,HEALTH",0.27,3
"BALANCE,CAREER,HEALTH",0.27,3
HAPPINESS,0.27,3
"INTELLIGENCE,POPULARITY,SEX",0.27,3
"CAREER,FAMILY,HEALTH",0.26,3
"FAMILY,HEALTH,POPULARITY",0.25,3
"BALANCE,FAMILY,HAPPINESS",0.24,3
"CAREER,MONEY,SEX",0.24,3
"HAPPINESS,LOVE,SEX",0.23,3
"BALANCE,MONEY,POPULARITY",0.23,3
"FAMILY,LOVE,SEX",0.23,3
"LOVE,MONEY,SEX",0.23,3
"BALANCE,LOVE,MONEY",0.23,3
"FAMILY,HAPPINESS,MONEY",0.22,3
"BALANCE,CAREER,LOVE",0.22,3
LOVE,0.22,3
"MONEY,PRODUCTIVITY,SEX",0.22,3
FAMILY,0.22,3
"BALANCE,HAPPINESS,MONEY",0.21,3
"CAREER,HAPPINESS,LOVE",0.21,3
"HAPPINESS,LOVE,MONEY",0.21,3
"CAREER,HEALTH,LOVE",0.21,3
"INTELLIGENCE,LOVE,SEX",0.21,3
"FAMILY,HAPPINESS,PRODUCTIVITY",0.21,3
"FAMILY,HAPPINESS,INTELLIGENCE",0.2,3
"CAREER,FAMILY,HAPPINESS",0.2,3
"HEALTH,MONEY,SEX",0.19,3
"HEALTH,INTELLIGENCE,SEX",0.19,3
"POPULARITY,PRODUCTIVITY,SEX",0.19,3
"HEALTH,PRODUCTIVITY,SEX",0.18,3
HEALTH,0.18,3
"CAREER,POPULARITY,SEX",0.17,3
"CAREER,INTELLIGENCE,SEX",0.17,3
"HEALTH,LOVE,SEX",0.17,3
"FAMILY,MONEY,SEX",0.16,3
"MONEY,POPULARITY,SEX",0.16,3
"FAMILY,PRODUCTIVITY,SEX",0.15,3
"BALANCE,INTELLIGENCE,SEX",0.15,3
"FAMILY,HEALTH,SEX",0.15,3
"INTELLIGENCE,MONEY",0.14,3
"FAMILY,POPULARITY,SEX",0.14,3
"HAPPINESS,POPULARITY,SEX",0.14,3
"CAREER,LOVE,SEX",0.14,3
"CAREER,FAMILY,SEX",0.14,3
"FAMILY,INTELLIGENCE,SEX",0.14,3
"BALANCE,HEALTH,SEX",0.13,3
"BALANCE,PRODUCTIVITY,SEX",0.12,3
"BALANCE,LOVE,SEX",0.12,3
"HAPPINESS,HEALTH,SEX",0.12,3
"LOVE,PRODUCTIVITY,SEX",0.11,3
"BALANCE,INTELLIGENCE",0.11,3
"INTELLIGENCE,POPULARITY",0.11,3
"CAREER,HAPPINESS,HEALTH",0.11,3
"BALANCE,CAREER,HAPPINESS",0.11,3
"HEALTH,POPULARITY,SEX",0.1,3
"HEALTH,INTELLIGENCE",0.09,3
"CAREER,INTELLIGENCE",0.09,3
"CAREER,MONEY",0.09,3
"BALANCE,MONEY,SEX",0.08,3
"BALANCE,POPULARITY,SEX",0.08,3
"HAPPINESS,INTELLIGENCE,SEX",0.08,3
"BALANCE,PRODUCTIVITY",0.07,3
"BALANCE,FAMILY,SEX",0.07,3
"HAPPINESS,INTELLIGENCE",0.07,3
"HAPPINESS,PRODUCTIVITY,SEX",0.07,3
"CAREER,POPULARITY",0.07,3
"MONEY,PRODUCTIVITY",0.06,3
"BALANCE,HAPPINESS,SEX",0.06,3
"CAREER,HAPPINESS,SEX",0.06,3
"BALANCE,CAREER,SEX",0.06,3
"POPULARITY,PRODUCTIVITY",0.06,3
"HAPPINESS,MONEY,SEX",0.06,3
"FAMILY,HAPPINESS,SEX",0.05,3
"BALANCE,POPULARITY",0.05,3
"BALANCE,HEALTH",0.04,3
"INTELLIGENCE,LOVE",0.04,3
"FAMILY,INTELLIGENCE",0.04,3
"HEALTH,LOVE",0.04,3
"HEALTH,PRODUCTIVITY",0.04,3
"LOVE,SEX",0.04,3
"FAMILY,PRODUCTIVITY",0.04,3
missing,0.03,3
"CAREER,HEALTH,SEX",0.03,3
"FAMILY,POPULARITY",0.03,3
"BALANCE,FAMILY",0.03,3
"LOVE,PRODUCTIVITY",0.03,3
"LOVE,POPULARITY",0.03,3
"HAPPINESS,HEALTH",0.03,3
"HEALTH,MONEY",0.03,3
"FAMILY,LOVE",0.03,3
"HAPPINESS,LOVE",0.03,3
"HAPPINESS,PRODUCTIVITY",0.03,3
"HAPPINESS,POPULARITY",0.03,3
"CAREER,FAMILY",0.02,3
"FAMILY,HAPPINESS",0.02,3
"INTELLIGENCE,SEX",0.02,3
"BALANCE,MONEY",0.02,3
"MONEY,POPULARITY",0.02,3
"HAPPINESS,MONEY",0.01,3
"BALANCE,CAREER",0.01,3
"FAMILY,HEALTH",0.01,3
"MONEY,SEX",0.01,3
"BALANCE,HAPPINESS",0.01,3
"CAREER,HEALTH",0.01,3
"CAREER,LOVE",0.01,3
"POPULARITY,SEX",0.01,3
"FAMILY,MONEY",0.01,3
"BALANCE,SEX",0.01,3
"CAREER,HAPPINESS",0.01,3
SEX,0.01,3
"BALANCE,LOVE",0.01,3
"HAPPINESS,SEX",0.0,3
"PRODUCTIVITY,SEX",0.0,3
"HEALTH,SEX",0.0,3
"HEALTH,POPULARITY",0.0,3
"FAMILY,SEX",0.0,3
"LOVE,MONEY",0.0,3
"CAREER,INTELLIGENCE,PRODUCTIVITY",4.22,4
"CAREER,POPULARITY,PRODUCTIVITY",4.01,4
"INTELLIGENCE,MONEY,PRODUCTIVITY",3.33,4
"INTELLIGENCE,POPULARITY,PRODUCTIVITY",2.96,4
"CAREER,MONEY,PRODUCTIVITY",2.95,4
"CAREER,INTELLIGENCE,MONEY",2.5,4
"CAREER,FAMILY,PRODUCTIVITY",2.18,4
"CAREER,INTELLIGENCE,POPULARITY",2.07,4
"INTELLIGENCE,MONEY,POPULARITY",1.84,4
"MONEY,POPULARITY,PRODUCTIVITY",1.46,4
"BALANCE,INTELLIGENCE,PRODUCTIVITY",1.44,4
"HEALTH,INTELLIGENCE,PRODUCTIVITY",1.32,4
"BALANCE,CAREER,PRODUCTIVITY",1.24,4
"BALANCE,INTELLIGENCE,POPULARITY",1.24,4
"HAPPINESS,LOVE,POPULARITY",1.21,4
"INTELLIGENCE,LOVE,POPULARITY",1.18,4
"CAREER,MONEY,POPULARITY",1.15,4
"HEALTH,INTELLIGENCE,MONEY",1.11,4
"BALANCE,POPULARITY,PRODUCTIVITY",1.08,4
"LOVE,POPULARITY,PRODUCTIVITY",0.99,4
"FAMILY,INTELLIGENCE,PRODUCTIVITY",0.91,4
"HAPPINESS,INTELLIGENCE,POPULARITY",0.9,4
"HEALTH,MONEY,PRODUCTIVITY",0.89,4
"BALANCE,LOVE,POPULARITY",0.89,4
"FAMILY,POPULARITY,PRODUCTIVITY",0.88,4
"INTELLIGENCE,LOVE,MONEY",0.88,4
"HEALTH,INTELLIGENCE,POPULARITY",0.83,4
"BALANCE,INTELLIGENCE,MONEY",0.8,4
"CAREER,FAMILY,POPULARITY",0.8,4
"FAMILY,INTELLIGENCE,MONEY",0.8,4
"HEALTH,POPULARITY,PRODUCTIVITY",0.78,4
"BALANCE,MONEY,PRODUCTIVITY",0.75,4
"FAMILY,INTELLIGENCE,POPULARITY",0.74,4
"INTELLIGENCE,LOVE,PRODUCTIVITY",0.74,4
"BALANCE,HEALTH,PRODUCTIVITY",0.73,4
"BALANCE,HAPPINESS,POPULARITY",0.69,4
"CAREER,LOVE,PRODUCTIVITY",0.69,4
"CAREER,HEALTH,PRODUCTIVITY",0.68,4
"HAPPINESS,POPULARITY,PRODUCTIVITY",0.68,4
"BALANCE,INTELLIGENCE,LOVE",0.67,4
"FAMILY,LOVE,POPULARITY",0.67,4
"HAPPINESS,INTELLIGENCE,PRODUCTIVITY",0.67,4
"CAREER,FAMILY,MONEY",0.67,4
"HAPPINESS,INTELLIGENCE,MONEY",0.66,4
"FAMILY,MONEY,PRODUCTIVITY",0.66,4
"BALANCE,FAMILY,PRODUCTIVITY",0.66,4
"CAREER,LOVE,POPULARITY",0.66,4
"CAREER,FAMILY,INTELLIGENCE",0.63,4
"LOVE,POPULARITY,SEX",0.62,4
"BALANCE,HEALTH,INTELLIGENCE",0.62,4
"BALANCE,FAMILY,POPULARITY",0.61,4
"BALANCE,CAREER,POPULARITY",0.59,4
"CAREER,INTELLIGENCE,LOVE",0.56,4
"BALANCE,HAPPINESS,HEALTH",0.55,4
"INTELLIGENCE,MONEY,SEX",0.55,4
"HAPPINESS,HEALTH,INTELLIGENCE",0.54,4
"BALANCE,CAREER,INTELLIGENCE",0.51,4
"HEALTH,LOVE,POPULARITY",0.51,4
"CAREER,HEALTH,INTELLIGENCE",0.5,4
"LOVE,MONEY,POPULARITY",0.49,4
"BALANCE,HAPPINESS,LOVE",0.49,4
"HAPPINESS,MONEY,POPULARITY",0.48,4
"CAREER,HAPPINESS,POPULARITY",0.48,4
"BALANCE,HEALTH,POPULARITY",0.47,4
"BALANCE,CAREER,MONEY",0.47,4
"BALANCE,LOVE,PRODUCTIVITY",0.47,4
"CAREER,HAPPINESS,PRODUCTIVITY",0.47,4
"BALANCE,FAMILY,LOVE",0.46,4
"FAMILY,HEALTH,PRODUCTIVITY",0.46,4
"CAREER,HEALTH,MONEY",0.46,4
"LOVE,MONEY,PRODUCTIVITY",0.45,4
"FAMILY,LOVE,PRODUCTIVITY",0.45,4
"BALANCE,FAMILY,INTELLIGENCE",0.45,4
"BALANCE,HAPPINESS,INTELLIGENCE",0.45,4
"INTELLIGENCE,POPULARITY,SEX",0.44,4
"HAPPINESS,MONEY,PRODUCTIVITY",0.44,4
"BALANCE,MONEY,POPULARITY",0.43,4
"HAPPINESS,HEALTH,LOVE",0.43,4
"BALANCE,HEALTH,LOVE",0.42,4
"INTELLIGENCE,PRODUCTIVITY,SEX",0.42,4
INTELLIGENCE,0.42,4
"FAMILY,INTELLIGENCE,LOVE",0.41,4
"CAREER,LOVE,MONEY",0.4,4
"HEALTH,INTELLIGENCE,LOVE",0.39,4
"HAPPINESS,INTELLIGENCE,LOVE",0.39,4
"FAMILY,HEALTH,MONEY",0.39,4
"BALANCE,FAMILY,HEALTH",0.39,4
"HAPPINESS,HEALTH,POPULARITY",0.39,4
"CAREER,HAPPINESS,MONEY",0.37,4
"BALANCE,HAPPINESS,PRODUCTIVITY",0.37,4
"FAMILY,MONEY,POPULARITY",0.36,4
"HEALTH,MONEY,POPULARITY",0.36,4
"FAMILY,HEALTH,INTELLIGENCE",0.36,4
"FAMILY,HAPPINESS,POPULARITY",0.35,4
"HAPPINESS,HEALTH,PRODUCTIVITY",0.35,4
"HAPPINESS,HEALTH,MONEY",0.35,4
"FAMILY,HAPPINESS,LOVE",0.34,4
"HEALTH,LOVE,PRODUCTIVITY",0.34,4
"HAPPINESS,LOVE,SEX",0.33,4
"BALANCE,CAREER,FAMILY",0.33,4
"CAREER,FAMILY,LOVE",0.33,4
"MONEY,POPULARITY,SEX",0.33,4
"BALANCE,HEALTH,MONEY",0.33,4
"CAREER,HAPPINESS,INTELLIGENCE",0.33,4
"FAMILY,LOVE,MONEY",0.33,4
"CAREER,HEALTH,POPULARITY",0.32,4
"MONEY,PRODUCTIVITY,SEX",0.31,4
"HAPPINESS,LOVE,PRODUCTIVITY",0.31,4
"HAPPINESS,LOVE,MONEY",0.31,4
"FAMILY,HEALTH,LOVE",0.3,4
PRODUCTIVITY,0.3,4
"BALANCE,LOVE,MONEY",0.29,4
"POPULARITY,PRODUCTIVITY,SEX",0.29,4
"BALANCE,FAMILY,MONEY",0.28,4
"FAMILY,HAPPINESS,PRODUCTIVITY",0.28,4
"FAMILY,LOVE,SEX",0.27,4
"INTELLIGENCE,LOVE,SEX",0.27,4
"HEALTH,LOVE,MONEY",0.27,4
"CAREER,PRODUCTIVITY,SEX",0.27,4
"CAREER,HAPPINESS,LOVE",0.26,4
"FAMILY,HAPPINESS,INTELLIGENCE",0.26,4
"CAREER,POPULARITY,SEX",0.26,4
"FAMILY,HEALTH,POPULARITY",0.26,4
"CAREER,MONEY,SEX",0.25,4
"FAMILY,HAPPINESS,HEALTH",0.25,4
"BALANCE,FAMILY,HAPPINESS",0.24,4
"BALANCE,HAPPINESS,MONEY",0.24,4
"FAMILY,HAPPINESS,MONEY",0.24,4
"LOVE,MONEY,SEX",0.22,4
"HAPPINESS,POPULARITY,SEX",0.22,4
"CAREER,FAMILY,HEALTH",0.22,4
"FAMILY,POPULARITY,SEX",0.21,4
"HEALTH,MONEY,SEX",0.21,4
"INTELLIGENCE,PRODUCTIVITY",0.21,4
"BALANCE,CAREER,LOVE",0.21,4
"BALANCE,CAREER,HAPPINESS",0.21,4
"BALANCE,LOVE,SEX",0.2,4
"CAREER,INTELLIGENCE,SEX",0.19,4
"BALANCE,CAREER,HEALTH",0.19,4
CAREER,0.19,4
"HEALTH,LOVE,SEX",0.18,4
"CAREER,FAMILY,HAPPINESS",0.18,4
"HEALTH,INTELLIGENCE,SEX",0.18,4
"CAREER,HEALTH,LOVE",0.17,4
"CAREER,PRODUCTIVITY",0.17,4
"CAREER,LOVE,SEX",0.16,4
"FAMILY,PRODUCTIVITY,SEX",0.16,4
"BALANCE,POPULARITY,SEX",0.16,4
"FAMILY,INTELLIGENCE,SEX",0.15,4
"FAMILY,MONEY,SEX",0.15,4
"LOVE,PRODUCTIVITY,SEX",0.15,4
POPULARITY,0.15,4
"HAPPINESS,HEALTH,SEX",0.14,4
MONEY,0.13,4
"CAREER,FAMILY,SEX",0.13,4
"HAPPINESS,INTELLIGENCE,SEX",0.13,4
"BALANCE,PRODUCTIVITY,SEX",0.13,4
"CAREER,HAPPINESS,HEALTH",0.12,4
"HEALTH,PRODUCTIVITY,SEX",0.12,4
"FAMILY,HEALTH,SEX",0.12,4
"BALANCE,MONEY,SEX",0.12,4
BALANCE,0.12,4
missing,0.12,4
"HEALTH,POPULARITY,SEX",0.11,4
"BALANCE,INTELLIGENCE,SEX",0.11,4
HAPPINESS,0.11,4
"BALANCE,FAMILY,SEX",0.11,4
FAMILY,0.1,4
"HAPPINESS,MONEY,SEX",0.1,4
LOVE,0.1,4
"BALANCE,HEALTH,SEX",0.09,4
"INTELLIGENCE,MONEY",0.09,4
"CAREER,HEALTH,SEX",0.08,4
"INTELLIGENCE,POPULARITY",0.08,4
"CAREER,INTELLIGENCE",0.08,4
HEALTH,0.08,4
"HAPPINESS,PRODUCTIVITY,SEX",0.07,4
"MONEY,PRODUCTIVITY",0.06,4
"BALANCE,CAREER,SEX",0.06,4
"BALANCE,HAPPINESS,SEX",0.06,4
"FAMILY,HAPPINESS,SEX",0.06,4
"CAREER,MONEY",0.06,4
"POPULARITY,PRODUCTIVITY",0.05,4
"HEALTH,INTELLIGENCE",0.05,4
"BALANCE,INTELLIGENCE",0.05,4
"LOVE,POPULARITY",0.05,4
"HAPPINESS,INTELLIGENCE",0.05,4
"BALANCE,PRODUCTIVITY",0.04,4
"BALANCE,POPULARITY",0.04,4
"CAREER,HAPPINESS,SEX",0.04,4
"HAPPINESS,LOVE",0.04,4
"HEALTH,PRODUCTIVITY",0.04,4
"CAREER,POPULARITY",0.03,4
"INTELLIGENCE,LOVE",0.03,4
"FAMILY,INTELLIGENCE",0.03,4
"FAMILY,PRODUCTIVITY",0.03,4
SEX,0.03,4
"FAMILY,LOVE",0.03,4
"HEALTH,MONEY",0.03,4
"BALANCE,HEALTH",0.02,4
"HAPPINESS,POPULARITY",0.02,4
"MONEY,POPULARITY",0.02,4
"LOVE,PRODUCTIVITY",0.02,4
"LOVE,SEX",0.02,4
"HAPPINESS,PRODUCTIVITY",0.02,4
"INTELLIGENCE,SEX",0.01,4
"BALANCE,HAPPINESS",0.01,4
"BALANCE,FAMILY",0.01,4
"BALANCE,LOVE",0.01,4
"HAPPINESS,MONEY",0.01,4
"FAMILY,POPULARITY",0.01,4
"FAMILY,HAPPINESS",0.01,4
"FAMILY,HEALTH",0.01,4
"FAMILY,MONEY",0.01,4
"CAREER,LOVE",0.01,4
"BALANCE,CAREER",0.01,4
"CAREER,FAMILY",0.01,4
"BALANCE,MONEY",0.01,4
"CAREER,HAPPINESS",0.01,4
"HEALTH,POPULARITY",0.01,4
"HEALTH,SEX",0.0,4
"HAPPINESS,HEALTH",0.0,4
"HEALTH,LOVE",0.0,4
"POPULARITY,SEX",0.0,4
"HAPPINESS,SEX",0.0,4
"BALANCE,SEX",0.0,4
"MONEY,SEX",0.0,4
"LOVE,MONEY",0.0,4
"PRODUCTIVITY,SEX",0.0,4
"CAREER,INTELLIGENCE,PRODUCTIVITY",4.4,5
"CAREER,POPULARITY,PRODUCTIVITY",4.03,5
"INTELLIGENCE,POPULARITY,PRODUCTIVITY",2.99,5
"INTELLIGENCE,MONEY,PRODUCTIVITY",2.94,5
"CAREER,MONEY,PRODUCTIVITY",2.69,5
"CAREER,INTELLIGENCE,MONEY",2.25,5
"CAREER,INTELLIGENCE,POPULARITY",2.02,5
"CAREER,FAMILY,PRODUCTIVITY",1.96,5
INTELLIGENCE,1.93,5
"INTELLIGENCE,MONEY,POPULARITY",1.66,5
PRODUCTIVITY,1.53,5
"BALANCE,INTELLIGENCE,PRODUCTIVITY",1.48,5
"HEALTH,INTELLIGENCE,PRODUCTIVITY",1.4,5
"BALANCE,INTELLIGENCE,POPULARITY",1.35,5
"INTELLIGENCE,LOVE,POPULARITY",1.21,5
"MONEY,POPULARITY,PRODUCTIVITY",1.19,5
"BALANCE,CAREER,PRODUCTIVITY",1.18,5
"HEALTH,INTELLIGENCE,MONEY",1.17,5
"BALANCE,POPULARITY,PRODUCTIVITY",1.16,5
"HAPPINESS,LOVE,POPULARITY",1.02,5
"CAREER,MONEY,POPULARITY",1.0,5
"BALANCE,LOVE,POPULARITY",0.95,5
"HAPPINESS,INTELLIGENCE,POPULARITY",0.9,5
"LOVE,POPULARITY,PRODUCTIVITY",0.88,5
"BALANCE,INTELLIGENCE,MONEY",0.84,5
CAREER,0.83,5
POPULARITY,0.81,5
"FAMILY,INTELLIGENCE,PRODUCTIVITY",0.79,5
"INTELLIGENCE,LOVE,PRODUCTIVITY",0.78,5
"HEALTH,INTELLIGENCE,POPULARITY",0.78,5
"HAPPINESS,INTELLIGENCE,PRODUCTIVITY",0.76,5
"HEALTH,MONEY,PRODUCTIVITY",0.76,5
"BALANCE,HEALTH,PRODUCTIVITY",0.75,5
"FAMILY,POPULARITY,PRODUCTIVITY",0.74,5
"INTELLIGENCE,LOVE,MONEY",0.74,5
"HEALTH,POPULARITY,PRODUCTIVITY",0.73,5
"BALANCE,HEALTH,INTELLIGENCE",0.73,5
"CAREER,FAMILY,POPULARITY",0.72,5
"HAPPINESS,POPULARITY,PRODUCTIVITY",0.7,5
"BALANCE,MONEY,PRODUCTIVITY",0.68,5
"FAMILY,INTELLIGENCE,POPULARITY",0.68,5
"BALANCE,INTELLIGENCE,LOVE",0.68,5
"CAREER,HEALTH,PRODUCTIVITY",0.66,5
"FAMILY,INTELLIGENCE,MONEY",0.65,5
"HAPPINESS,HEALTH,INTELLIGENCE",0.65,5
"HAPPINESS,INTELLIGENCE,MONEY",0.64,5
"CAREER,LOVE,PRODUCTIVITY",0.63,5
"CAREER,LOVE,POPULARITY",0.61,5
"BALANCE,FAMILY,POPULARITY",0.57,5
"BALANCE,HAPPINESS,POPULARITY",0.56,5
"BALANCE,CAREER,POPULARITY",0.55,5
"HEALTH,LOVE,POPULARITY",0.54,5
BALANCE,0.54,5
"FAMILY,MONEY,PRODUCTIVITY",0.54,5
"INTELLIGENCE,MONEY,SEX",0.53,5
"CAREER,FAMILY,INTELLIGENCE",0.52,5
"CAREER,FAMILY,MONEY",0.52,5
"BALANCE,HAPPINESS,HEALTH",0.52,5
"HEALTH,INTELLIGENCE,LOVE",0.52,5
HAPPINESS,0.5,5
"LOVE,POPULARITY,SEX",0.49,5
"CAREER,INTELLIGENCE,LOVE",0.49,5
"BALANCE,HAPPINESS,INTELLIGENCE",0.49,5
"BALANCE,FAMILY,PRODUCTIVITY",0.48,5
"HAPPINESS,HEALTH,POPULARITY",0.48,5
"LOVE,MONEY,POPULARITY",0.48,5
"FAMILY,LOVE,POPULARITY",0.47,5
"CAREER,HEALTH,INTELLIGENCE",0.46,5
MONEY,0.46,5
"HAPPINESS,INTELLIGENCE,LOVE",0.46,5
"BALANCE,CAREER,INTELLIGENCE",0.46,5
"CAREER,HEALTH,MONEY",0.45,5
"HAPPINESS,MONEY,POPULARITY",0.43,5
"CAREER,HAPPINESS,PRODUCTIVITY",0.42,5
"BALANCE,FAMILY,INTELLIGENCE",0.41,5
"BALANCE,HAPPINESS,LOVE",0.4,5
"BALANCE,FAMILY,LOVE",0.4,5
"CAREER,HAPPINESS,POPULARITY",0.39,5
"BALANCE,LOVE,PRODUCTIVITY",0.38,5
"BALANCE,HEALTH,POPULARITY",0.38,5
"BALANCE,HEALTH,LOVE",0.38,5
"CAREER,PRODUCTIVITY",0.38,5
"INTELLIGENCE,PRODUCTIVITY",0.38,5
"LOVE,MONEY,PRODUCTIVITY",0.37,5
"FAMILY,INTELLIGENCE,LOVE",0.37,5
"HAPPINESS,MONEY,PRODUCTIVITY",0.37,5
"FAMILY,HEALTH,INTELLIGENCE",0.37,5
"FAMILY,HEALTH,PRODUCTIVITY",0.37,5
"HAPPINESS,HEALTH,MONEY",0.36,5
"HAPPINESS,HEALTH,LOVE",0.36,5
"BALANCE,HAPPINESS,PRODUCTIVITY",0.35,5
"BALANCE,HEALTH,MONEY",0.35,5
"BALANCE,MONEY,POPULARITY",0.35,5
"INTELLIGENCE,POPULARITY,SEX",0.34,5
"FAMILY,LOVE,PRODUCTIVITY",0.34,5
"CAREER,LOVE,MONEY",0.34,5
"HEALTH,MONEY,POPULARITY",0.33,5
"INTELLIGENCE,PRODUCTIVITY,SEX",0.32,5
"HEALTH,LOVE,PRODUCTIVITY",0.32,5
"CAREER,HAPPINESS,INTELLIGENCE",0.32,5
"HAPPINESS,HEALTH,PRODUCTIVITY",0.32,5
"BALANCE,CAREER,MONEY",0.31,5
"FAMILY,HEALTH,MONEY",0.31,5
"FAMILY,HAPPINESS,POPULARITY",0.31,5
"BALANCE,CAREER,FAMILY",0.3,5
LOVE,0.3,5
"CAREER,HEALTH,POPULARITY",0.29,5
"POPULARITY,PRODUCTIVITY,SEX",0.29,5
"CAREER,PRODUCTIVITY,SEX",0.29,5
"CAREER,HAPPINESS,MONEY",0.29,5
"FAMILY,MONEY,POPULARITY",0.28,5
"FAMILY,HEALTH,LOVE",0.28,5
"BALANCE,FAMILY,HEALTH",0.28,5
"FAMILY,HAPPINESS,LOVE",0.28,5
"BALANCE,HAPPINESS,MONEY",0.27,5
"HAPPINESS,LOVE,PRODUCTIVITY",0.27,5
"CAREER,FAMILY,LOVE",0.27,5
"MONEY,POPULARITY,SEX",0.27,5
"INTELLIGENCE,LOVE,SEX",0.26,5
"HEALTH,LOVE,MONEY",0.26,5
"LOVE,MONEY,SEX",0.26,5
"CAREER,POPULARITY,SEX",0.25,5
"BALANCE,LOVE,MONEY",0.25,5
HEALTH,0.25,5
"MONEY,PRODUCTIVITY,SEX",0.24,5
"FAMILY,LOVE,MONEY",0.24,5
"CAREER,INTELLIGENCE,SEX",0.24,5
"CAREER,MONEY,SEX",0.23,5
"BALANCE,FAMILY,MONEY",0.23,5
"HAPPINESS,LOVE,MONEY",0.23,5
FAMILY,0.23,5
"BALANCE,FAMILY,HAPPINESS",0.21,5
"INTELLIGENCE,POPULARITY",0.2,5
"HAPPINESS,LOVE,SEX",0.2,5
"INTELLIGENCE,MONEY",0.2,5
"FAMILY,HAPPINESS,MONEY",0.19,5
"HAPPINESS,POPULARITY,SEX",0.19,5
"HEALTH,MONEY,SEX",0.19,5
"CAREER,HEALTH,LOVE",0.18,5
"FAMILY,HAPPINESS,HEALTH",0.18,5
"FAMILY,HEALTH,POPULARITY",0.18,5
"BALANCE,CAREER,HEALTH",0.17,5
"FAMILY,HAPPINESS,PRODUCTIVITY",0.17,5
"CAREER,HAPPINESS,LOVE",0.17,5
"HEALTH,INTELLIGENCE,SEX",0.17,5
"FAMILY,POPULARITY,SEX",0.17,5
"FAMILY,HAPPINESS,INTELLIGENCE",0.17,5
"HAPPINESS,INTELLIGENCE,SEX",0.16,5
"FAMILY,LOVE,SEX",0.16,5
"LOVE,PRODUCTIVITY,SEX",0.16,5
"BALANCE,CAREER,LOVE",0.16,5
"BALANCE,POPULARITY,SEX",0.15,5
"BALANCE,CAREER,HAPPINESS",0.14,5
"HAPPINESS,HEALTH,SEX",0.14,5
"HEALTH,INTELLIGENCE",0.14,5
"BALANCE,LOVE,SEX",0.14,5
"CAREER,FAMILY,HEALTH",0.14,5
"HEALTH,POPULARITY,SEX",0.13,5
"CAREER,INTELLIGENCE",0.13,5
"BALANCE,PRODUCTIVITY,SEX",0.13,5
"HEALTH,PRODUCTIVITY,SEX",0.13,5
"FAMILY,INTELLIGENCE,SEX",0.12,5
"CAREER,HAPPINESS,HEALTH",0.12,5
"FAMILY,MONEY,SEX",0.11,5
"POPULARITY,PRODUCTIVITY",0.11,5
"HEALTH,LOVE,SEX",0.11,5
"FAMILY,PRODUCTIVITY,SEX",0.11,5
"CAREER,FAMILY,HAPPINESS",0.11,5
"BALANCE,INTELLIGENCE",0.1,5
"BALANCE,INTELLIGENCE,SEX",0.1,5
"HAPPINESS,INTELLIGENCE",0.1,5
"FAMILY,HEALTH,SEX",0.1,5
"BALANCE,FAMILY,SEX",0.1,5
"INTELLIGENCE,LOVE",0.1,5
"BALANCE,PRODUCTIVITY",0.1,5
"BALANCE,HEALTH,SEX",0.1,5
SEX,0.09,5
"HAPPINESS,PRODUCTIVITY,SEX",0.09,5
"CAREER,LOVE,SEX",0.09,5
"HAPPINESS,MONEY,SEX",0.08,5
"LOVE,POPULARITY",0.08,5
"CAREER,POPULARITY",0.08,5
"BALANCE,POPULARITY",0.07,5
"BALANCE,HEALTH",0.07,5
"HEALTH,PRODUCTIVITY",0.07,5
"HAPPINESS,POPULARITY",0.07,5
"BALANCE,HAPPINESS,SEX",0.07,5
"MONEY,PRODUCTIVITY",0.07,5
"LOVE,SEX",0.06,5
"BALANCE,MONEY,SEX",0.06,5
"CAREER,FAMILY,SEX",0.06,5
missing,0.05,5
"CAREER,MONEY",0.05,5
"BALANCE,HAPPINESS",0.05,5
"CAREER,FAMILY",0.05,5
"HAPPINESS,LOVE",0.05,5
"FAMILY,INTELLIGENCE",0.04,5
"HAPPINESS,HEALTH",0.04,5
"BALANCE,LOVE",0.04,5
"BALANCE,CAREER,SEX",0.04,5
"CAREER,HAPPINESS,SEX",0.04,5
"CAREER,HEALTH,SEX",0.04,5
"FAMILY,PRODUCTIVITY",0.04,5
"HAPPINESS,MONEY",0.03,5
"FAMILY,MONEY",0.03,5
"MONEY,POPULARITY",0.03,5
"FAMILY,LOVE",0.03,5
"FAMILY,HAPPINESS,SEX",0.02,5
"PRODUCTIVITY,SEX",0.02,5
"HEALTH,MONEY",0.02,5
"HAPPINESS,PRODUCTIVITY",0.02,5
"BALANCE,FAMILY",0.02,5
"FAMILY,POPULARITY",0.02,5
"FAMILY,HAPPINESS",0.02,5
"HEALTH,LOVE",0.02,5
"LOVE,PRODUCTIVITY",0.02,5
"CAREER,LOVE",0.02,5
"POPULARITY,SEX",0.02,5
"INTELLIGENCE,SEX",0.01,5
"HEALTH,POPULARITY",0.01,5
"CAREER,HAPPINESS",0.01,5
"HEALTH,SEX",0.01,5
"CAREER,SEX",0.01,5
"FAMILY,HEALTH",0.01,5
"BALANCE,MONEY",0.01,5
"MONEY,SEX",0.01,5
"LOVE,MONEY",0.01,5
"CAREER,HEALTH",0.01,5
"HAPPINESS,SEX",0.01,5
"BALANCE,CAREER",0.01,5
"CAREER,POPULARITY,PRODUCTIVITY",3.61,6
"CAREER,INTELLIGENCE,PRODUCTIVITY",3.37,6
"INTELLIGENCE,POPULARITY,PRODUCTIVITY",2.4,6
"INTELLIGENCE,MONEY,PRODUCTIVITY",2.32,6
"CAREER,FAMILY,PRODUCTIVITY",2.21,6
"CAREER,MONEY,PRODUCTIVITY",2.2,6
"CAREER,INTELLIGENCE,MONEY",1.84,6
"CAREER,INTELLIGENCE,POPULARITY",1.77,6
INTELLIGENCE,1.46,6
"INTELLIGENCE,MONEY,POPULARITY",1.44,6
"HAPPINESS,LOVE,POPULARITY",1.35,6
PRODUCTIVITY,1.31,6
"INTELLIGENCE,LOVE,POPULARITY",1.24,6
"BALANCE,INTELLIGENCE,PRODUCTIVITY",1.15,6
"BALANCE,INTELLIGENCE,POPULARITY",1.15,6
"MONEY,POPULARITY,PRODUCTIVITY",1.13,6
"BALANCE,CAREER,PRODUCTIVITY",1.06,6
"BALANCE,POPULARITY,PRODUCTIVITY",1.03,6
"BALANCE,LOVE,POPULARITY",1.0,6
"HEALTH,INTELLIGENCE,PRODUCTIVITY",1.0,6
"HEALTH,INTELLIGENCE,MONEY",1.0,6
"CAREER,MONEY,POPULARITY",0.98,6
"FAMILY,POPULARITY,PRODUCTIVITY",0.94,6
CAREER,0.89,6
"HAPPINESS,INTELLIGENCE,POPULARITY",0.87,6
"CAREER,FAMILY,POPULARITY",0.86,6
"LOVE,POPULARITY,PRODUCTIVITY",0.85,6
"FAMILY,INTELLIGENCE,PRODUCTIVITY",0.83,6
"BALANCE,HEALTH,PRODUCTIVITY",0.77,6
"BALANCE,MONEY,PRODUCTIVITY",0.77,6
"INTELLIGENCE,LOVE,MONEY",0.76,6
"FAMILY,LOVE,POPULARITY",0.74,6
POPULARITY,0.72,6
"BALANCE,INTELLIGENCE,LOVE",0.72,6
"HEALTH,MONEY,PRODUCTIVITY",0.71,6
"BALANCE,FAMILY,PRODUCTIVITY",0.7,6
"FAMILY,INTELLIGENCE,POPULARITY",0.7,6
"HAPPINESS,POPULARITY,PRODUCTIVITY",0.69,6
"BALANCE,FAMILY,POPULARITY",0.69,6
"BALANCE,HAPPINESS,POPULARITY",0.68,6
"BALANCE,HEALTH,INTELLIGENCE",0.67,6
"HAPPINESS,HEALTH,POPULARITY",0.67,6
"HEALTH,INTELLIGENCE,POPULARITY",0.66,6
"CAREER,LOVE,POPULARITY",0.65,6
BALANCE,0.64,6
"LOVE,POPULARITY,SEX",0.64,6
"INTELLIGENCE,LOVE,PRODUCTIVITY",0.64,6
"HEALTH,POPULARITY,PRODUCTIVITY",0.61,6
"BALANCE,HAPPINESS,HEALTH",0.6,6
"FAMILY,MONEY,PRODUCTIVITY",0.6,6
"HAPPINESS,INTELLIGENCE,MONEY",0.59,6
HAPPINESS,0.58,6
"BALANCE,INTELLIGENCE,MONEY",0.58,6
"CAREER,LOVE,PRODUCTIVITY",0.58,6
"HAPPINESS,INTELLIGENCE,PRODUCTIVITY",0.56,6
"CAREER,FAMILY,INTELLIGENCE",0.56,6
"BALANCE,CAREER,POPULARITY",0.56,6
"BALANCE,FAMILY,LOVE",0.56,6
"FAMILY,HEALTH,PRODUCTIVITY",0.55,6
"HAPPINESS,HEALTH,LOVE",0.55,6
"HAPPINESS,HEALTH,INTELLIGENCE",0.55,6
"FAMILY,INTELLIGENCE,MONEY",0.55,6
"CAREER,FAMILY,MONEY",0.54,6
"FAMILY,HAPPINESS,LOVE",0.53,6
"BALANCE,HAPPINESS,LOVE",0.53,6
"HEALTH,LOVE,POPULARITY",0.52,6
"LOVE,MONEY,POPULARITY",0.51,6
"CAREER,HEALTH,PRODUCTIVITY",0.51,6
"BALANCE,HEALTH,POPULARITY",0.51,6
"FAMILY,LOVE,PRODUCTIVITY",0.51,6
MONEY,0.48,6
"BALANCE,LOVE,PRODUCTIVITY",0.48,6
"INTELLIGENCE,MONEY,SEX",0.48,6
"CAREER,HAPPINESS,POPULARITY",0.47,6
"FAMILY,HAPPINESS,POPULARITY",0.46,6
FAMILY,0.46,6
"HAPPINESS,HEALTH,PRODUCTIVITY",0.45,6
"HEALTH,INTELLIGENCE,LOVE",0.45,6
"CAREER,HEALTH,MONEY",0.45,6
"BALANCE,FAMILY,HEALTH",0.45,6
"BALANCE,HAPPINESS,INTELLIGENCE",0.45,6
"BALANCE,CAREER,INTELLIGENCE",0.44,6
"BALANCE,HEALTH,MONEY",0.44,6
LOVE,0.44,6
"HAPPINESS,INTELLIGENCE,LOVE",0.44,6
"FAMILY,INTELLIGENCE,LOVE",0.43,6
"BALANCE,FAMILY,INTELLIGENCE",0.43,6
"INTELLIGENCE,POPULARITY,SEX",0.43,6
"BALANCE,HEALTH,LOVE",0.42,6
"CAREER,HAPPINESS,PRODUCTIVITY",0.42,6
"BALANCE,HAPPINESS,PRODUCTIVITY",0.42,6
"FAMILY,HEALTH,INTELLIGENCE",0.4,6
"HAPPINESS,HEALTH,MONEY",0.39,6
"HAPPINESS,MONEY,POPULARITY",0.39,6
"FAMILY,HEALTH,MONEY",0.39,6
"LOVE,MONEY,PRODUCTIVITY",0.38,6
"CAREER,INTELLIGENCE,LOVE",0.38,6
"FAMILY,HEALTH,LOVE",0.38,6
"HAPPINESS,MONEY,PRODUCTIVITY",0.36,6
"FAMILY,MONEY,POPULARITY",0.36,6
"HEALTH,LOVE,PRODUCTIVITY",0.35,6
"FAMILY,HEALTH,POPULARITY",0.35,6
"CAREER,LOVE,MONEY",0.35,6
"BALANCE,CAREER,MONEY",0.35,6
"HEALTH,MONEY,POPULARITY",0.35,6
"HAPPINESS,LOVE,SEX",0.35,6
HEALTH,0.34,6
"FAMILY,LOVE,MONEY",0.34,6
"HAPPINESS,LOVE,MONEY",0.34,6
"CAREER,HEALTH,INTELLIGENCE",0.34,6
"CAREER,HAPPINESS,MONEY",0.34,6
"FAMILY,LOVE,SEX",0.33,6
"BALANCE,CAREER,FAMILY",0.33,6
"HAPPINESS,LOVE,PRODUCTIVITY",0.33,6
"CAREER,PRODUCTIVITY",0.33,6
"BALANCE,FAMILY,HAPPINESS",0.32,6
"BALANCE,LOVE,MONEY",0.32,6
"FAMILY,HAPPINESS,HEALTH",0.32,6
"INTELLIGENCE,PRODUCTIVITY",0.31,6
"HEALTH,LOVE,MONEY",0.3,6
"BALANCE,MONEY,POPULARITY",0.3,6
"CAREER,FAMILY,LOVE",0.29,6
"INTELLIGENCE,PRODUCTIVITY,SEX",0.29,6
"MONEY,PRODUCTIVITY,SEX",0.28,6
"CAREER,HEALTH,POPULARITY",0.28,6
"POPULARITY,PRODUCTIVITY,SEX",0.28,6
"INTELLIGENCE,LOVE,SEX",0.28,6
"BALANCE,HAPPINESS,MONEY",0.28,6
"CAREER,HAPPINESS,INTELLIGENCE",0.27,6
"FAMILY,HAPPINESS,INTELLIGENCE",0.26,6
"BALANCE,FAMILY,MONEY",0.26,6
"FAMILY,HAPPINESS,MONEY",0.25,6
"FAMILY,POPULARITY,SEX",0.24,6
"LOVE,MONEY,SEX",0.24,6
"CAREER,FAMILY,HEALTH",0.24,6
"FAMILY,HAPPINESS,PRODUCTIVITY",0.23,6
"CAREER,PRODUCTIVITY,SEX",0.23,6
"MONEY,POPULARITY,SEX",0.23,6
"HEALTH,LOVE,SEX",0.23,6
"HAPPINESS,POPULARITY,SEX",0.22,6
"CAREER,POPULARITY,SEX",0.21,6
"BALANCE,LOVE,SEX",0.2,6
"CAREER,MONEY,SEX",0.2,6
"HAPPINESS,HEALTH,SEX",0.2,6
"CAREER,INTELLIGENCE,SEX",0.19,6
"BALANCE,CAREER,HEALTH",0.19,6
"HEALTH,INTELLIGENCE,SEX",0.19,6
"CAREER,HAPPINESS,LOVE",0.19,6
"HEALTH,MONEY,SEX",0.19,6
"FAMILY,PRODUCTIVITY,SEX",0.18,6
"BALANCE,CAREER,HAPPINESS",0.18,6
"LOVE,PRODUCTIVITY,SEX",0.18,6
"BALANCE,CAREER,LOVE",0.17,6
"CAREER,FAMILY,HAPPINESS",0.17,6
SEX,0.17,6
"CAREER,HEALTH,LOVE",0.17,6
"FAMILY,MONEY,SEX",0.16,6
"HEALTH,POPULARITY,SEX",0.16,6
"INTELLIGENCE,MONEY",0.15,6
"FAMILY,HEALTH,SEX",0.15,6
"INTELLIGENCE,POPULARITY",0.15,6
"CAREER,HAPPINESS,HEALTH",0.15,6
"BALANCE,FAMILY,SEX",0.14,6
"HAPPINESS,MONEY,SEX",0.14,6
"HEALTH,PRODUCTIVITY,SEX",0.13,6
"CAREER,LOVE,SEX",0.13,6
"BALANCE,HEALTH,SEX",0.13,6
"FAMILY,INTELLIGENCE,SEX",0.13,6
"HAPPINESS,INTELLIGENCE,SEX",0.13,6
"BALANCE,POPULARITY,SEX",0.13,6
"BALANCE,INTELLIGENCE,SEX",0.12,6
"CAREER,FAMILY,SEX",0.12,6
"FAMILY,HAPPINESS,SEX",0.12,6
"CAREER,INTELLIGENCE",0.12,6
"BALANCE,PRODUCTIVITY,SEX",0.11,6
"HEALTH,INTELLIGENCE",0.11,6
"BALANCE,INTELLIGENCE",0.1,6
"POPULARITY,PRODUCTIVITY",0.1,6
"HAPPINESS,LOVE",0.1,6
"CAREER,MONEY",0.1,6
"CAREER,POPULARITY",0.09,6
missing,0.08,6
"LOVE,POPULARITY",0.08,6
"BALANCE,MONEY,SEX",0.08,6
"BALANCE,PRODUCTIVITY",0.08,6
"MONEY,PRODUCTIVITY",0.08,6
"BALANCE,POPULARITY",0.07,6
"HAPPINESS,POPULARITY",0.07,6
"BALANCE,HAPPINESS,SEX",0.07,6
"HAPPINESS,INTELLIGENCE",0.07,6
"BALANCE,HEALTH",0.07,6
"HAPPINESS,PRODUCTIVITY,SEX",0.07,6
"FAMILY,PRODUCTIVITY",0.07,6
"HAPPINESS,HEALTH",0.06,6
"HEALTH,PRODUCTIVITY",0.06,6
"INTELLIGENCE,LOVE",0.05,6
"BALANCE,CAREER,SEX",0.05,6
"CAREER,HEALTH,SEX",0.05,6
"FAMILY,LOVE",0.05,6
"FAMILY,INTELLIGENCE",0.05,6
"LOVE,SEX",0.05,6
"CAREER,HAPPINESS,SEX",0.04,6
"HEALTH,LOVE",0.04,6
"BALANCE,LOVE",0.04,6
"MONEY,POPULARITY",0.04,6
"HEALTH,POPULARITY",0.04,6
"FAMILY,POPULARITY",0.03,6
"FAMILY,HAPPINESS",0.03,6
"HAPPINESS,PRODUCTIVITY",0.03,6
"HAPPINESS,MONEY",0.03,6
"BALANCE,HAPPINESS",0.03,6
"BALANCE,FAMILY",0.03,6
"FAMILY,HEALTH",0.02,6
"LOVE,PRODUCTIVITY",0.02,6
"INTELLIGENCE,SEX",0.02,6
"CAREER,FAMILY",0.02,6
"MONEY,SEX",0.02,6
"CAREER,HAPPINESS",0.02,6
"HEALTH,MONEY",0.02,6
"LOVE,MONEY",0.02,6
"FAMILY,MONEY",0.01,6
"CAREER,LOVE",0.01,6
"HAPPINESS,SEX",0.01,6
"CAREER,HEALTH",0.01,6
"BALANCE,SEX",0.01,6
"BALANCE,CAREER",0.01,6
"POPULARITY,SEX",0.01,6
"CAREER,SEX",0.01,6
"BALANCE,MONEY",0.01,6
"PRODUCTIVITY,SEX",0.01,6
"HEALTH,SEX",0.01,6
"FAMILY,SEX",0.01,6
